-- =============================================
-- 超市管理系统 - 真实数据填充脚本
-- 生成日期: 2024-12-09
-- 说明: 该脚本包含接近真实超市的测试数据
-- =============================================

-- 清空现有数据（保留用户和角色数据）
SET FOREIGN_KEY_CHECKS = 0;
TRUNCATE TABLE inventory_log;
TRUNCATE TABLE sale_order_item;
TRUNCATE TABLE sale_order;
TRUNCATE TABLE purchase_order_item;
TRUNCATE TABLE purchase_order;
TRUNCATE TABLE inventory;
TRUNCATE TABLE product;
TRUNCATE TABLE category;
TRUNCATE TABLE supplier;
TRUNCATE TABLE customer;
SET FOREIGN_KEY_CHECKS = 1;

-- =============================================
-- 1. 商品分类数据
-- =============================================
INSERT INTO category (id, category_name, parent_id, sort_order, description) VALUES
-- 食品类
(1, '食品', 0, 1, '各类食品'),
(2, '粮油调味', 1, 1, '米面粮油、调味品'),
(3, '休闲零食', 1, 2, '膨化食品、坚果、糖果等'),
(4, '方便速食', 1, 3, '方便面、速冻食品等'),
(5, '饮料冲调', 1, 4, '饮料、茶叶、咖啡等'),

-- 日用品类
(6, '日用品', 0, 2, '日常生活用品'),
(7, '个人护理', 6, 1, '洗发水、沐浴露、牙膏等'),
(8, '家居清洁', 6, 2, '洗衣液、清洁剂等'),
(9, '纸品湿巾', 6, 3, '卫生纸、纸巾、湿巾等'),

-- 生鲜类
(10, '生鲜', 0, 3, '新鲜食材'),
(11, '蔬菜', 10, 1, '新鲜蔬菜'),
(12, '水果', 10, 2, '新鲜水果'),
(13, '肉禽蛋', 10, 3, '猪肉、鸡肉、鸡蛋等'),

-- 酒水类
(14, '酒水', 0, 4, '各类酒水'),
(15, '白酒', 14, 1, '白酒'),
(16, '啤酒', 14, 2, '啤酒'),
(17, '红酒', 14, 3, '红酒、葡萄酒');

-- =============================================
-- 2. 供应商数据
-- =============================================
INSERT INTO supplier (id, supplier_name, contact_person, phone, address, status) VALUES
(1, '中粮集团有限公司', '张经理', '010-85326888', '北京市朝阳区朝阳门南大街8号', 1),
(2, '康师傅控股有限公司', '李经理', '022-66282828', '天津市经济技术开发区第六大街33号', 1),
(3, '统一企业（中国）投资有限公司', '王经理', '021-22160088', '上海市闵行区紫月路519号', 1),
(4, '娃哈哈集团有限公司', '赵经理', '0571-87883333', '浙江省杭州市上城区清泰街160号', 1),
(5, '蒙牛乳业集团', '刘经理', '0471-6399999', '内蒙古呼和浩特市和林格尔县盛乐经济园区', 1),
(6, '伊利实业集团股份有限公司', '陈经理', '0471-3388888', '内蒙古呼和浩特市金川开发区', 1),
(7, '宝洁（中国）有限公司', '周经理', '020-83636888', '广东省广州市天河区珠江新城', 1),
(8, '联合利华（中国）有限公司', '吴经理', '021-22128888', '上海市长宁区长宁路1018号', 1),
(9, '青岛啤酒股份有限公司', '郑经理', '0532-85718888', '山东省青岛市市北区登州路56号', 1),
(10, '五粮液集团有限公司', '孙经理', '0831-3566666', '四川省宜宾市岷江西路150号', 1),
(11, '新希望集团', '马经理', '028-82826888', '四川省成都市锦江区人民南路四段', 1),
(12, '双汇集团', '冯经理', '0395-2673333', '河南省漯河市双汇路一号', 1);

-- =============================================
-- 3. 客户数据
-- =============================================
INSERT INTO customer (id, customer_name, phone, address) VALUES
(1, '张三', '13800138001', '北京市朝阳区建国路88号'),
(2, '李四', '13800138002', '北京市海淀区中关村大街1号'),
(3, '王五', '13800138003', '北京市东城区王府井大街138号'),
(4, '赵六', '13800138004', '北京市西城区西单北大街120号'),
(5, '刘七', '13800138005', '北京市丰台区南三环西路16号'),
(6, '陈八', '13800138006', '北京市石景山区石景山路22号'),
(7, '杨九', '13800138007', '北京市通州区新华大街1号'),
(8, '黄十', '13800138008', '北京市昌平区回龙观西大街'),
(9, '周明', '13800138009', '北京市大兴区黄村镇'),
(10, '吴亮', '13800138010', '北京市顺义区后沙峪镇'),
(11, '郑强', '13800138011', '北京市房山区良乡镇'),
(12, '孙丽', '13800138012', '北京市门头沟区新桥大街'),
(13, '马超', '13800138013', '北京市平谷区平谷镇'),
(14, '冯娟', '13800138014', '北京市怀柔区怀柔镇'),
(15, '许涛', '13800138015', '北京市密云区密云镇');

-- =============================================
-- 4. 商品数据
-- =============================================

-- 粮油调味类商品
INSERT INTO product (id, product_code, product_name, category_id, supplier_id, unit, specification, price, cost_price, status, description) VALUES
(1, 'LY001', '金龙鱼大米', 2, 1, '袋', '5kg', 35.90, 28.00, 1, '东北优质大米，颗粒饱满'),
(2, 'LY002', '福临门食用油', 2, 1, '瓶', '5L', 89.90, 72.00, 1, '非转基因大豆油'),
(3, 'LY003', '海天酱油', 2, 1, '瓶', '1.9L', 18.90, 14.00, 1, '特级生抽'),
(4, 'LY004', '太太乐鸡精', 2, 1, '袋', '200g', 12.50, 9.00, 1, '提鲜调味'),
(5, 'LY005', '中盐食用盐', 2, 1, '袋', '500g', 3.50, 2.50, 1, '加碘精制盐');

-- 休闲零食类商品
INSERT INTO product (id, product_code, product_name, category_id, supplier_id, unit, specification, price, cost_price, status, description) VALUES
(6, 'LS001', '乐事薯片', 3, 2, '袋', '70g', 8.50, 6.00, 1, '原味薯片'),
(7, 'LS002', '奥利奥饼干', 3, 2, '盒', '349g', 19.90, 15.00, 1, '夹心饼干'),
(8, 'LS003', '三只松鼠坚果', 3, 1, '袋', '100g', 25.90, 19.00, 1, '每日坚果'),
(9, 'LS004', '旺旺雪饼', 3, 2, '包', '150g', 9.90, 7.00, 1, '膨化食品'),
(10, 'LS005', '德芙巧克力', 3, 1, '盒', '252g', 45.90, 35.00, 1, '丝滑牛奶巧克力');

-- 方便速食类商品
INSERT INTO product (id, product_code, product_name, category_id, supplier_id, unit, specification, price, cost_price, status, description) VALUES
(11, 'SS001', '康师傅红烧牛肉面', 4, 2, '桶', '106g', 5.50, 3.80, 1, '经典口味方便面'),
(12, 'SS002', '统一老坛酸菜面', 4, 3, '桶', '121g', 6.00, 4.20, 1, '酸爽开胃'),
(13, 'SS003', '三全水饺', 4, 1, '袋', '500g', 18.90, 14.00, 1, '猪肉白菜馅'),
(14, 'SS004', '思念汤圆', 4, 1, '袋', '400g', 15.90, 12.00, 1, '黑芝麻馅'),
(15, 'SS005', '湾仔码头馄饨', 4, 1, '袋', '400g', 22.90, 17.00, 1, '鲜肉馄饨');

-- 饮料冲调类商品
INSERT INTO product (id, product_code, product_name, category_id, supplier_id, unit, specification, price, cost_price, status, description) VALUES
(16, 'YL001', '可口可乐', 5, 4, '瓶', '500ml', 3.50, 2.50, 1, '经典可乐'),
(17, 'YL002', '百事可乐', 5, 4, '瓶', '500ml', 3.50, 2.50, 1, '百事可乐'),
(18, 'YL003', '农夫山泉', 5, 4, '瓶', '550ml', 2.00, 1.50, 1, '天然矿泉水'),
(19, 'YL004', '娃哈哈纯净水', 5, 4, '瓶', '596ml', 1.50, 1.00, 1, '纯净水'),
(20, 'YL005', '红牛功能饮料', 5, 4, '罐', '250ml', 6.50, 4.80, 1, '能量饮料'),
(21, 'YL006', '雀巢咖啡', 5, 1, '瓶', '268ml', 5.50, 4.00, 1, '即饮咖啡'),
(22, 'YL007', '立顿红茶', 5, 8, '盒', '100包', 35.90, 27.00, 1, '红茶包');

-- 个人护理类商品
INSERT INTO product (id, product_code, product_name, category_id, supplier_id, unit, specification, price, cost_price, status, description) VALUES
(23, 'HL001', '海飞丝洗发水', 7, 7, '瓶', '750ml', 49.90, 38.00, 1, '去屑洗发水'),
(24, 'HL002', '飘柔洗发水', 7, 7, '瓶', '750ml', 42.90, 33.00, 1, '柔顺洗发水'),
(25, 'HL003', '舒肤佳沐浴露', 7, 7, '瓶', '1L', 39.90, 30.00, 1, '滋润沐浴露'),
(26, 'HL004', '高露洁牙膏', 7, 7, '支', '200g', 18.90, 14.00, 1, '防蛀牙膏'),
(27, 'HL005', '云南白药牙膏', 7, 1, '支', '180g', 28.90, 22.00, 1, '护龈牙膏');

-- 家居清洁类商品
INSERT INTO product (id, product_code, product_name, category_id, supplier_id, unit, specification, price, cost_price, status, description) VALUES
(28, 'QJ001', '奥妙洗衣液', 8, 8, '瓶', '3kg', 59.90, 45.00, 1, '深层洁净'),
(29, 'QJ002', '立白洗衣液', 8, 8, '瓶', '3kg', 49.90, 38.00, 1, '天然皂液'),
(30, 'QJ003', '威猛先生清洁剂', 8, 7, '瓶', '500ml', 15.90, 12.00, 1, '厨房清洁'),
(31, 'QJ004', '蓝月亮洗手液', 8, 8, '瓶', '500ml', 19.90, 15.00, 1, '抑菌洗手液');

-- 纸品湿巾类商品
INSERT INTO product (id, product_code, product_name, category_id, supplier_id, unit, specification, price, cost_price, status, description) VALUES
(32, 'ZP001', '维达卷纸', 9, 1, '提', '10卷', 29.90, 22.00, 1, '3层卷纸'),
(33, 'ZP002', '清风抽纸', 9, 1, '包', '3包', 19.90, 15.00, 1, '原木纯品'),
(34, 'ZP003', '心相印湿巾', 9, 1, '包', '80抽', 12.90, 9.00, 1, '杀菌湿巾');

-- 蔬菜类商品
INSERT INTO product (id, product_code, product_name, category_id, supplier_id, unit, specification, price, cost_price, status, description) VALUES
(35, 'SC001', '新鲜西红柿', 11, 11, '斤', '500g', 5.90, 4.00, 1, '新鲜蔬菜'),
(36, 'SC002', '新鲜黄瓜', 11, 11, '斤', '500g', 4.90, 3.50, 1, '新鲜蔬菜'),
(37, 'SC003', '新鲜土豆', 11, 11, '斤', '500g', 3.90, 2.80, 1, '新鲜蔬菜'),
(38, 'SC004', '新鲜白菜', 11, 11, '斤', '500g', 2.90, 2.00, 1, '新鲜蔬菜'),
(39, 'SC005', '新鲜菠菜', 11, 11, '斤', '500g', 6.90, 5.00, 1, '新鲜蔬菜');

-- 水果类商品
INSERT INTO product (id, product_code, product_name, category_id, supplier_id, unit, specification, price, cost_price, status, description) VALUES
(40, 'SG001', '红富士苹果', 12, 11, '斤', '500g', 8.90, 6.50, 1, '新鲜水果'),
(41, 'SG002', '香蕉', 12, 11, '斤', '500g', 5.90, 4.20, 1, '新鲜水果'),
(42, 'SG003', '橙子', 12, 11, '斤', '500g', 6.90, 5.00, 1, '新鲜水果'),
(43, 'SG004', '葡萄', 12, 11, '斤', '500g', 12.90, 9.50, 1, '新鲜水果'),
(44, 'SG005', '西瓜', 12, 11, '斤', '500g', 3.90, 2.80, 1, '新鲜水果');

-- 肉禽蛋类商品
INSERT INTO product (id, product_code, product_name, category_id, supplier_id, unit, specification, price, cost_price, status, description) VALUES
(45, 'RD001', '猪肉（五花肉）', 13, 12, '斤', '500g', 18.90, 15.00, 1, '新鲜猪肉'),
(46, 'RD002', '猪肉（里脊肉）', 13, 12, '斤', '500g', 22.90, 18.00, 1, '新鲜猪肉'),
(47, 'RD003', '鸡腿', 13, 12, '斤', '500g', 15.90, 12.00, 1, '新鲜鸡腿'),
(48, 'RD004', '鸡翅', 13, 12, '斤', '500g', 19.90, 15.50, 1, '新鲜鸡翅'),
(49, 'RD005', '鸡蛋', 13, 11, '盒', '10个', 12.90, 9.50, 1, '新鲜鸡蛋');

-- 白酒类商品
INSERT INTO product (id, product_code, product_name, category_id, supplier_id, unit, specification, price, cost_price, status, description) VALUES
(50, 'BJ001', '五粮液', 15, 10, '瓶', '500ml', 899.00, 750.00, 1, '52度浓香型白酒'),
(51, 'BJ002', '茅台酒', 15, 10, '瓶', '500ml', 1899.00, 1600.00, 1, '53度酱香型白酒'),
(52, 'BJ003', '洋河蓝色经典', 15, 10, '瓶', '500ml', 299.00, 240.00, 1, '42度绵柔型白酒');

-- 啤酒类商品
INSERT INTO product (id, product_code, product_name, category_id, supplier_id, unit, specification, price, cost_price, status, description) VALUES
(53, 'PJ001', '青岛啤酒', 16, 9, '瓶', '500ml', 5.50, 4.00, 1, '经典啤酒'),
(54, 'PJ002', '雪花啤酒', 16, 9, '瓶', '500ml', 4.50, 3.20, 1, '清爽啤酒'),
(55, 'PJ003', '百威啤酒', 16, 9, '瓶', '500ml', 8.90, 6.50, 1, '进口啤酒');

-- 红酒类商品
INSERT INTO product (id, product_code, product_name, category_id, supplier_id, unit, specification, price, cost_price, status, description) VALUES
(56, 'HJ001', '长城干红葡萄酒', 17, 1, '瓶', '750ml', 89.00, 68.00, 1, '解百纳干红'),
(57, 'HJ002', '张裕红酒', 17, 1, '瓶', '750ml', 128.00, 98.00, 1, '赤霞珠干红'),
(58, 'HJ003', '王朝干红', 17, 1, '瓶', '750ml', 68.00, 52.00, 1, '精选干红');

-- =============================================
-- 5. 库存数据
-- =============================================
INSERT INTO inventory (product_id, quantity, warning_quantity) VALUES
-- 粮油调味
(1, 150, 20), (2, 80, 15), (3, 200, 30), (4, 120, 20), (5, 300, 50),
-- 休闲零食
(6, 180, 30), (7, 150, 25), (8, 100, 20), (9, 200, 35), (10, 90, 15),
-- 方便速食
(11, 250, 40), (12, 220, 35), (13, 80, 15), (14, 70, 12), (15, 60, 10),
-- 饮料冲调
(16, 300, 50), (17, 280, 45), (18, 500, 80), (19, 450, 70), (20, 150, 25),
(21, 120, 20), (22, 60, 10),
-- 个人护理
(23, 100, 15), (24, 95, 15), (25, 110, 18), (26, 180, 30), (27, 85, 15),
-- 家居清洁
(28, 70, 12), (29, 75, 12), (30, 140, 25), (31, 120, 20),
-- 纸品湿巾
(32, 90, 15), (33, 150, 25), (34, 130, 22),
-- 蔬菜
(35, 80, 15), (36, 90, 18), (37, 120, 20), (38, 100, 18), (39, 70, 12),
-- 水果
(40, 110, 20), (41, 95, 18), (42, 85, 15), (43, 60, 10), (44, 150, 25),
-- 肉禽蛋
(45, 50, 10), (46, 45, 8), (47, 60, 12), (48, 55, 10), (49, 200, 30),
-- 白酒
(50, 30, 5), (51, 20, 3), (52, 45, 8),
-- 啤酒
(53, 200, 35), (54, 250, 40), (55, 120, 20),
-- 红酒
(56, 50, 8), (57, 35, 6), (58, 60, 10);

-- =============================================
-- 6. 采购订单数据（最近30天的采购记录）
-- =============================================
-- 注意：需要根据实际的用户ID调整 applicant_id 和 auditor_id
-- 假设采购员ID为2，管理员ID为1

INSERT INTO purchase_order (order_no, supplier_id, total_amount, purchase_date, status, applicant_id, auditor_id, audit_time, inbound_time) VALUES
('PO202411250001', 1, 15680.00, '2024-11-25', 3, 2, 1, '2024-11-25 10:30:00', '2024-11-26 09:00:00'),
('PO202411260001', 2, 8950.00, '2024-11-26', 3, 2, 1, '2024-11-26 14:20:00', '2024-11-27 10:30:00'),
('PO202411270001', 4, 12300.00, '2024-11-27', 3, 2, 1, '2024-11-27 11:15:00', '2024-11-28 08:45:00'),
('PO202411280001', 7, 9870.00, '2024-11-28', 3, 2, 1, '2024-11-28 15:40:00', '2024-11-29 09:20:00'),
('PO202411290001', 11, 6540.00, '2024-11-29', 3, 2, 1, '2024-11-29 10:25:00', '2024-11-30 10:00:00'),
('PO202412010001', 1, 18900.00, '2024-12-01', 3, 2, 1, '2024-12-01 09:30:00', '2024-12-02 08:30:00'),
('PO202412020001', 9, 7650.00, '2024-12-02', 3, 2, 1, '2024-12-02 14:10:00', '2024-12-03 09:15:00'),
('PO202412030001', 12, 11200.00, '2024-12-03', 3, 2, 1, '2024-12-03 10:45:00', '2024-12-04 10:20:00'),
('PO202412040001', 3, 9340.00, '2024-12-04', 3, 2, 1, '2024-12-04 11:20:00', '2024-12-05 09:00:00'),
('PO202412050001', 8, 8760.00, '2024-12-05', 3, 2, 1, '2024-12-05 15:30:00', '2024-12-06 10:10:00'),
('PO202412060001', 1, 14500.00, '2024-12-06', 1, 2, 1, '2024-12-06 16:00:00', NULL),
('PO202412070001', 2, 7890.00, '2024-12-07', 1, 2, 1, '2024-12-07 10:20:00', NULL),
('PO202412080001', 4, 10200.00, '2024-12-08', 0, 2, NULL, NULL, NULL),
('PO202412090001', 7, 8950.00, '2024-12-09', 0, 2, NULL, NULL, NULL);

-- 采购订单明细
INSERT INTO purchase_order_item (order_id, product_id, quantity, unit_price, total_price) VALUES
-- PO202411250001 订单明细
(1, 1, 100, 28.00, 2800.00),
(1, 2, 50, 72.00, 3600.00),
(1, 3, 200, 14.00, 2800.00),
(1, 4, 150, 9.00, 1350.00),
(1, 5, 500, 2.50, 1250.00),
(1, 22, 100, 27.00, 2700.00),
(1, 56, 20, 68.00, 1360.00),

-- PO202411260001 订单明细
(2, 6, 200, 6.00, 1200.00),
(2, 7, 150, 15.00, 2250.00),
(2, 11, 300, 3.80, 1140.00),
(2, 12, 250, 4.20, 1050.00),
(2, 9, 250, 7.00, 1750.00),
(2, 10, 100, 35.00, 3500.00),

-- PO202411270001 订单明细
(3, 16, 500, 2.50, 1250.00),
(3, 17, 500, 2.50, 1250.00),
(3, 18, 800, 1.50, 1200.00),
(3, 19, 700, 1.00, 700.00),
(3, 20, 200, 4.80, 960.00),
(3, 21, 150, 4.00, 600.00),
(3, 53, 300, 4.00, 1200.00),
(3, 54, 400, 3.20, 1280.00),
(3, 55, 150, 6.50, 975.00),

-- PO202411280001 订单明细
(4, 23, 100, 38.00, 3800.00),
(4, 24, 100, 33.00, 3300.00),
(4, 25, 120, 30.00, 3600.00),
(4, 26, 200, 14.00, 2800.00),
(4, 27, 100, 22.00, 2200.00),

-- PO202411290001 订单明细
(5, 35, 100, 4.00, 400.00),
(5, 36, 120, 3.50, 420.00),
(5, 37, 150, 2.80, 420.00),
(5, 38, 130, 2.00, 260.00),
(5, 39, 80, 5.00, 400.00),
(5, 40, 150, 6.50, 975.00),
(5, 41, 120, 4.20, 504.00),
(5, 42, 100, 5.00, 500.00),
(5, 43, 80, 9.50, 760.00),
(5, 44, 200, 2.80, 560.00),
(5, 49, 250, 9.50, 2375.00);

-- =============================================
-- 7. 销售订单数据（最近30天的销售记录）
-- =============================================
-- 注意：需要根据实际的收银员ID调整 cashier_id
-- 假设收银员ID为3

INSERT INTO sale_order (order_no, customer_id, total_amount, status, cashier_id, create_time) VALUES
-- 11月25日
('SO202411250001', 1, 156.30, 1, 3, '2024-11-25 09:15:00'),
('SO202411250002', 2, 89.70, 1, 3, '2024-11-25 10:30:00'),
('SO202411250003', NULL, 45.80, 1, 3, '2024-11-25 11:45:00'),
('SO202411250004', 3, 234.50, 1, 3, '2024-11-25 14:20:00'),
('SO202411250005', NULL, 67.40, 1, 3, '2024-11-25 16:35:00'),

-- 11月26日
('SO202411260001', 4, 178.90, 1, 3, '2024-11-26 09:20:00'),
('SO202411260002', NULL, 92.30, 1, 3, '2024-11-26 11:10:00'),
('SO202411260003', 5, 345.60, 1, 3, '2024-11-26 13:40:00'),
('SO202411260004', NULL, 56.70, 1, 3, '2024-11-26 15:25:00'),
('SO202411260005', 6, 189.20, 1, 3, '2024-11-26 17:50:00'),

-- 11月27日
('SO202411270001', NULL, 123.40, 1, 3, '2024-11-27 08:45:00'),
('SO202411270002', 7, 267.80, 1, 3, '2024-11-27 10:30:00'),
('SO202411270003', NULL, 78.90, 1, 3, '2024-11-27 12:15:00'),
('SO202411270004', 8, 456.70, 1, 3, '2024-11-27 14:50:00'),
('SO202411270005', NULL, 98.50, 1, 3, '2024-11-27 16:40:00'),

-- 11月28日
('SO202411280001', 9, 234.60, 1, 3, '2024-11-28 09:10:00'),
('SO202411280002', NULL, 145.30, 1, 3, '2024-11-28 11:25:00'),
('SO202411280003', 10, 378.90, 1, 3, '2024-11-28 13:55:00'),
('SO202411280004', NULL, 67.80, 1, 3, '2024-11-28 15:30:00'),
('SO202411280005', 11, 289.40, 1, 3, '2024-11-28 17:20:00'),

-- 11月29日
('SO202411290001', NULL, 156.70, 1, 3, '2024-11-29 08:50:00'),
('SO202411290002', 12, 423.50, 1, 3, '2024-11-29 10:40:00'),
('SO202411290003', NULL, 89.20, 1, 3, '2024-11-29 12:30:00'),
('SO202411290004', 13, 267.80, 1, 3, '2024-11-29 14:45:00'),
('SO202411290005', NULL, 134.60, 1, 3, '2024-11-29 16:55:00'),

-- 12月1日
('SO202412010001', 14, 345.90, 1, 3, '2024-12-01 09:05:00'),
('SO202412010002', NULL, 178.40, 1, 3, '2024-12-01 11:20:00'),
('SO202412010003', 15, 456.70, 1, 3, '2024-12-01 13:35:00'),
('SO202412010004', NULL, 98.50, 1, 3, '2024-12-01 15:40:00'),
('SO202412010005', 1, 234.80, 1, 3, '2024-12-01 17:25:00'),

-- 12月2日
('SO202412020001', NULL, 123.60, 1, 3, '2024-12-02 08:55:00'),
('SO202412020002', 2, 289.30, 1, 3, '2024-12-02 10:45:00'),
('SO202412020003', NULL, 167.80, 1, 3, '2024-12-02 12:50:00'),
('SO202412020004', 3, 378.90, 1, 3, '2024-12-02 14:30:00'),
('SO202412020005', NULL, 89.40, 1, 3, '2024-12-02 16:45:00');

-- 销售订单明细示例（部分订单）
INSERT INTO sale_order_item (order_id, product_id, quantity, unit_price, total_price) VALUES
-- SO202411250001 订单明细
(1, 1, 1, 35.90, 35.90),
(1, 16, 2, 3.50, 7.00),
(1, 6, 3, 8.50, 25.50),
(1, 26, 2, 18.90, 37.80),
(1, 33, 2, 19.90, 39.80),
(1, 49, 1, 12.90, 12.90),

-- SO202411250002 订单明细
(2, 11, 5, 5.50, 27.50),
(2, 18, 3, 2.00, 6.00),
(2, 7, 2, 19.90, 39.80),
(2, 32, 1, 29.90, 29.90),

-- SO202411250003 订单明细
(3, 16, 4, 3.50, 14.00),
(3, 17, 3, 3.50, 10.50),
(3, 6, 2, 8.50, 17.00),
(3, 9, 1, 9.90, 9.90),

-- SO202411250004 订单明细
(4, 2, 1, 89.90, 89.90),
(4, 23, 1, 49.90, 49.90),
(4, 28, 1, 59.90, 59.90),
(4, 40, 3, 8.90, 26.70),
(4, 53, 2, 5.50, 11.00),

-- SO202411250005 订单明细
(5, 12, 3, 6.00, 18.00),
(5, 20, 2, 6.50, 13.00),
(5, 8, 1, 25.90, 25.90),
(5, 34, 1, 12.90, 12.90);

-- =============================================
-- 8. 库存变动日志（部分示例）
-- =============================================
-- 注意：需要根据实际的操作员ID调整 operator_id

-- 采购入库记录
INSERT INTO inventory_log (product_id, change_type, change_quantity, before_quantity, after_quantity, order_no, remark, operator_id, create_time) VALUES
(1, 1, 100, 50, 150, 'PO202411250001', '采购入库', 2, '2024-11-26 09:00:00'),
(2, 1, 50, 30, 80, 'PO202411250001', '采购入库', 2, '2024-11-26 09:00:00'),
(16, 1, 500, 100, 600, 'PO202411270001', '采购入库', 2, '2024-11-28 08:45:00'),
(23, 1, 100, 50, 150, 'PO202411280001', '采购入库', 2, '2024-11-29 09:20:00');

-- 销售出库记录
INSERT INTO inventory_log (product_id, change_type, change_quantity, before_quantity, after_quantity, order_no, remark, operator_id, create_time) VALUES
(1, 2, -1, 150, 149, 'SO202411250001', '销售出库', 3, '2024-11-25 09:15:00'),
(16, 2, -2, 600, 598, 'SO202411250001', '销售出库', 3, '2024-11-25 09:15:00'),
(6, 2, -3, 180, 177, 'SO202411250001', '销售出库', 3, '2024-11-25 09:15:00'),
(11, 2, -5, 250, 245, 'SO202411250002', '销售出库', 3, '2024-11-25 10:30:00');

-- =============================================
-- 数据填充完成
-- =============================================

-- 查看数据统计
SELECT '分类数量' as '统计项', COUNT(*) as '数量' FROM category
UNION ALL
SELECT '供应商数量', COUNT(*) FROM supplier
UNION ALL
SELECT '客户数量', COUNT(*) FROM customer
UNION ALL
SELECT '商品数量', COUNT(*) FROM product
UNION ALL
SELECT '库存记录数', COUNT(*) FROM inventory
UNION ALL
SELECT '采购订单数', COUNT(*) FROM purchase_order
UNION ALL
SELECT '销售订单数', COUNT(*) FROM sale_order
UNION ALL
SELECT '库存日志数', COUNT(*) FROM inventory_log;
